{
  "timestamp": "2026-02-09T23:48:24",
  "num_electrodes_mapped": 30,
  "num_eholders_total": 35,
  "num_eholders_unused": 5,
  "total_assignment_cost": 17.138064032219916,
  "average_distance_per_electrode": 0.5712688010739971,
  "mapping": {
    "Fp1": {
      "eholder_name": "M4_Hardware_09_Eholder004",
      "eholder_index": 4,
      "distance": 0.5785033795279507
    },
    "Fp2": {
      "eholder_name": "M4_Hardware_09_Eholder031",
      "eholder_index": 31,
      "distance": 0.5696869684374964
    },
    "AF3": {
      "eholder_name": "M4_Hardware_09_Eholder032",
      "eholder_index": 32,
      "distance": 1.295320521787769
    },
    "AF4": {
      "eholder_name": "M4_Hardware_09_Eholder029",
      "eholder_index": 29,
      "distance": 0.4680582050325315
    },
    "F7": {
      "eholder_name": "M4_Hardware_09_Eholder001",
      "eholder_index": 1,
      "distance": 1.1686111802295949
    },
    "F3": {
      "eholder_name": "M4_Hardware_09_Eholder026",
      "eholder_index": 26,
      "distance": 0.277651815752027
    },
    "Fz": {
      "eholder_name": "M4_Hardware_09_Eholder027",
      "eholder_index": 27,
      "distance": 0.2777651011431556
    },
    "F4": {
      "eholder_name": "M4_Hardware_09_Eholder030",
      "eholder_index": 30,
      "distance": 0.2616813834586103
    },
    "F8": {
      "eholder_name": "M4_Hardware_09_Eholder033",
      "eholder_index": 33,
      "distance": 1.1814949356807483
    },
    "FC5": {
      "eholder_name": "M4_Hardware_09_Eholder025",
      "eholder_index": 25,
      "distance": 0.4808675952902147
    },
    "FC1": {
      "eholder_name": "M4_Hardware_09_Eholder020",
      "eholder_index": 20,
      "distance": 0.40923125300662777
    },
    "FC2": {
      "eholder_name": "M4_Hardware_09_Eholder028",
      "eholder_index": 28,
      "distance": 0.40571611078776865
    },
    "FC6": {
      "eholder_name": "M4_Hardware_09_Eholder034",
      "eholder_index": 34,
      "distance": 0.47175351794561793
    },
    "T7": {
      "eholder_name": "M4_Hardware_09_Eholder005",
      "eholder_index": 5,
      "distance": 0.36991584973126607
    },
    "C3": {
      "eholder_name": "M4_Hardware_09_Eholder023",
      "eholder_index": 23,
      "distance": 0.24927173623547427
    },
    "Cz": {
      "eholder_name": "M4_Hardware_09_Eholder021",
      "eholder_index": 21,
      "distance": 0.09972451339474724
    },
    "C4": {
      "eholder_name": "M4_Hardware_09_Eholder015",
      "eholder_index": 14,
      "distance": 0.2554716208512719
    },
    "T8": {
      "eholder_name": "M4_Hardware_09_Eholder012",
      "eholder_index": 12,
      "distance": 0.3725929759917231
    },
    "CP5": {
      "eholder_name": "M4_Hardware_09_Eholder022",
      "eholder_index": 22,
      "distance": 0.18038543871748272
    },
    "CP1": {
      "eholder_name": "M4_Hardware_09_Eholder018",
      "eholder_index": 18,
      "distance": 0.3477396732245039
    },
    "CP2": {
      "eholder_name": "M4_Hardware_09_Eholder016",
      "eholder_index": 16,
      "distance": 0.35049537112725265
    },
    "CP6": {
      "eholder_name": "M4_Hardware_09_Eholder014",
      "eholder_index": 13,
      "distance": 0.19137286800425551
    },
    "P7": {
      "eholder_name": "M4_Hardware_09_Eholder024",
      "eholder_index": 24,
      "distance": 0.5256595241094019
    },
    "P3": {
      "eholder_name": "M4_Hardware_09_Eholder019",
      "eholder_index": 19,
      "distance": 0.7671296764421905
    },
    "Pz": {
      "eholder_name": "M4_Hardware_09_Eholder017",
      "eholder_index": 17,
      "distance": 0.5343609087236921
    },
    "P4": {
      "eholder_name": "M4_Hardware_09_Eholder013",
      "eholder_index": 15,
      "distance": 0.7662966914077859
    },
    "P8": {
      "eholder_name": "M4_Hardware_09_Eholder011",
      "eholder_index": 11,
      "distance": 0.5104741467025766
    },
    "O1": {
      "eholder_name": "M4_Hardware_09_Eholder006",
      "eholder_index": 6,
      "distance": 1.2579895314841554
    },
    "Oz": {
      "eholder_name": "M4_Hardware_09_Eholder002",
      "eholder_index": 2,
      "distance": 1.265000043105724
    },
    "O2": {
      "eholder_name": "M4_Hardware_09_Eholder010",
      "eholder_index": 10,
      "distance": 1.2478414948863028
    }
  },
  "unused_eholders": [
    {
      "index": 0,
      "name": "M4_Hardware_09_Eholder",
      "pos": [
        -43.83,
        63.71,
        -93.15
      ]
    },
    {
      "index": 3,
      "name": "M4_Hardware_09_Eholder003",
      "pos": [
        -0.03,
        75.54,
        -97.67
      ]
    },
    {
      "index": 7,
      "name": "M4_Hardware_09_Eholder007",
      "pos": [
        0.56,
        36.35,
        -112.82
      ]
    },
    {
      "index": 8,
      "name": "M4_Hardware_09_Eholder008",
      "pos": [
        34.03,
        35.22,
        -108.1
      ]
    },
    {
      "index": 9,
      "name": "M4_Hardware_09_Eholder009",
      "pos": [
        45.47,
        65.07,
        -95.75
      ]
    }
  ]
}